"section","key","english","burmese","kcho_TO_FILL","notes"
"ui","brandsub","Answers what it knows","သိသည်ကို ဖြေသည်","","SAFE - interface text, never sent as a query"
"ui","tagline","It answers what it knows. It says so when it doesn't.","သိသည်ကို ဖြေသည်။ မသိလျှင် မသိကြောင်း ပြောသည်။","","SAFE - interface text, never sent as a query"
"ui","continueAnyway","Continue anyway","ဆက်လက်လုပ်ဆောင်ရန်","","SAFE - interface text, never sent as a query"
"ui","checking","Checking this computer…","ဤကွန်ပျူတာကို စစ်ဆေးနေသည်…","","SAFE - interface text, never sent as a query"
"ui","new","New question","မေးခွန်းအသစ်","","SAFE - interface text, never sent as a query"
"ui","recent","Recent","မကြာသေးမီက","","SAFE - interface text, never sent as a query"
"ui","settings","Settings","ဆက်တင်","","SAFE - interface text, never sent as a query"
"ui","untitled","New question","မေးခွန်းအသစ်","","SAFE - interface text, never sent as a query"
"ui","scope","Sources","ရင်းမြစ်","","SAFE - interface text, never sent as a query"
"ui","scopeAll","All sources","အားလုံး","","SAFE - interface text, never sent as a query"
"ui","scopeNew","Latest guidance","နောက်ဆုံးအချက်အလက်","","SAFE - interface text, never sent as a query"
"ui","scopeOld","Earlier records","အရင်မှတ်တမ်းများ","","SAFE - interface text, never sent as a query"
"ui","heroTitle","What do you need help with?","ဘာအကူအညီ လိုအပ်ပါသလဲ။","","SAFE - interface text, never sent as a query"
"ui","heroSub","Clear answers on registration, health care, detention and scams — each one backed by the official source it came from. If the answer isn't there, you'll be told plainly instead of guessed at.","မှတ်ပုံတင်ခြင်း၊ ကျန်းမာရေး၊ ဖမ်းဆီးခံရမှုနှင့် လိမ်လည်မှုများအကြောင်း ရှင်းလင်းသော အဖြေများ — အဖြေတိုင်းတွင် တရားဝင်ရင်းမြစ် ပါဝင်သည်။ အဖြေမရှိပါက မှန်းဆခြင်းမပြုဘဲ ပွင့်ပွင့်လင်းလင်း ပြောပါမည်။","","SAFE - interface text, never sent as a query"
"ui","placeholder","Ask your question…    Enter to send · Shift+Enter for a new line","သင့်မေးခွန်းကို ရိုက်ထည့်ပါ…    Enter နှိပ်၍ ပို့ပါ","","SAFE - interface text, never sent as a query"
"ui","you","You","သင်","","SAFE - interface text, never sent as a query"
"ui","bot","Assistant","အကူအညီပေးသူ","","SAFE - interface text, never sent as a query"
"ui","thinking","Finding the answer…","အဖြေရှာနေသည်…","","SAFE - interface text, never sent as a query"
"ui","st_searching","Searching…","ရှာဖွေနေသည်…","","SAFE - interface text, never sent as a query"
"ui","st_writing","Writing the answer…","အဖြေရေးနေသည်…","","SAFE - interface text, never sent as a query"
"ui","st_starting","Starting the local AI engine…","AI ကို စတင်နေသည်…","","SAFE - interface text, never sent as a query"
"ui","sources","Sources","ကိုးကားချက်","","SAFE - interface text, never sent as a query"
"ui","copy","Copy","ကူးယူ","","SAFE - interface text, never sent as a query"
"ui","copied","Copied to clipboard","ကူးယူပြီးပါပြီ","","SAFE - interface text, never sent as a query"
"ui","crosscheck","Check the UNHCR page (may not yet show this)","UNHCR စာမျက်နှာကို စစ်ဆေးပါ (ဤအချက်အလက် မပါသေးနိုင်ပါ)","","SAFE - interface text, never sent as a query"
"ui","brandName","Päkpätät","Päkpätät","","SAFE - interface text, never sent as a query"
"ui","shareFooter","Independent community tool. Not affiliated with UNHCR. Check anything urgent by phone before acting on it.","လွတ်လပ်သော အသိုက်အဝန်း ကိရိယာ။ UNHCR နှင့် ဆက်စပ်မှု မရှိပါ။ အရေးကြီးသည်များကို ဖုန်းဖြင့် အတည်ပြုပါ။","","SAFE - interface text, never sent as a query"
"ui","savePost","Save as image","ပုံအဖြစ် သိမ်းရန်","","SAFE - interface text, never sent as a query"
"ui","saving","Saving…","သိမ်းနေသည်…","","SAFE - interface text, never sent as a query"
"ui","savedTo","Image saved","ပုံ သိမ်းပြီးပါပြီ","","SAFE - interface text, never sent as a query"
"ui","savedThread","Thread saved — post the cards in order","ပုံစဉ်များ သိမ်းပြီးပါပြီ — အစဉ်လိုက် တင်ပါ","","SAFE - interface text, never sent as a query"
"ui","showFile","Show","ပြပါ","","SAFE - interface text, never sent as a query"
"ui","tooLong","This answer is too long even for a thread. Copy it as text instead.","ဤအဖြေသည် ပုံတစ်ခုအတွင်း ထည့်ရန် ရှည်လွန်းပါသည်။ စာသားအဖြစ် ကူးယူပါ။","","SAFE - interface text, never sent as a query"
"ui","unsafeTitle","Check these before you use them","မသုံးမီ ဤအချက်များကို စစ်ဆေးပါ","","SAFE - interface text, never sent as a query"
"ui","unsafeBody","These do not appear anywhere in the archive text this answer was built from, so the AI may have changed or invented them. Open the sources below and read the value there first.","ဤအချက်များသည် အဖြေထုတ်ရာတွင် အသုံးပြုသော မှတ်တမ်းစာသားများတွင် မတွေ့ရပါ။ AI က ပြောင်းလဲထားခြင်း သို့မဟုတ် လုပ်ကြံထားခြင်း ဖြစ်နိုင်သည်။ အောက်ပါ ရင်းမြစ်များကို ဖွင့်၍ အရင်စစ်ဆေးပါ။","","SAFE - interface text, never sent as a query"
"ui","kindPhone","Phone number","ဖုန်းနံပါတ်","","SAFE - interface text, never sent as a query"
"ui","kindEmail","Email address","အီးမေးလ်","","SAFE - interface text, never sent as a query"
"ui","kindAmount","Amount","ငွေပမာဏ","","SAFE - interface text, never sent as a query"
"ui","kindDate","Date","ရက်စွဲ","","SAFE - interface text, never sent as a query"
"ui","again","Ask again","ထပ်မေးရန်","","SAFE - interface text, never sent as a query"
"ui","noHistory","Your questions will appear here.","သင့်မေးခွန်းများ ဤနေရာတွင် ပေါ်လာပါမည်။","","SAFE - interface text, never sent as a query"
"ui","disclaimer","Answers come from guidance published by UNHCR and its partners. Independent tool, not affiliated with UNHCR. For emergencies, always confirm by phone.","အဖြေများသည် UNHCR နှင့် မိတ်ဖက်အဖွဲ့များ ထုတ်ပြန်ထားသော လမ်းညွှန်ချက်များမှ ဖြစ်သည်။ ဤသည်မှာ လွတ်လပ်သော ကိရိယာဖြစ်ပြီး UNHCR နှင့် ဆက်စပ်မှု မရှိပါ။ အရေးပေါ်ကိစ္စများကို ဖုန်းဖြင့် အတည်ပြုပါ။","","SAFE - interface text, never sent as a query"
"ui","offline","Could not reach the assistant service on this computer. Try restarting the app.","ဤကွန်ပျူတာရှိ ဝန်ဆောင်မှုကို မရရှိပါ။ အက်ပ်ကို ပြန်ဖွင့်ကြည့်ပါ။","","SAFE - interface text, never sent as a query"
"ui","badgeNew","current","လက်ရှိ","","SAFE - interface text, never sent as a query"
"ui","badgeOld","earlier","အရင်","","SAFE - interface text, never sent as a query"
"ui","setLede","Choose which AI writes the answers. Everything is stored on this computer only.","မည်သည့် AI က အဖြေရေးမည်ကို ရွေးပါ။ အားလုံးကို ဤကွန်ပျူတာတွင်သာ သိမ်းသည်။","","SAFE - interface text, never sent as a query"
"ui","engine","Answer engine","အဖြေပေးသည့် AI","","SAFE - interface text, never sent as a query"
"ui","modelName","Model","မော်ဒယ်","","SAFE - interface text, never sent as a query"
"ui","apiKey","API key","API key","","SAFE - interface text, never sent as a query"
"ui","keyPh","Paste your key here","သင့် key ကို ကူးထည့်ပါ","","SAFE - interface text, never sent as a query"
"ui","keyNote","Saved only on this computer, in the app's own settings file. Never uploaded, never placed in the shared folder.","ဤကွန်ပျူတာရှိ အက်ပ်၏ ဆက်တင်ဖိုင်တွင်သာ သိမ်းသည်။ အွန်လိုင်းသို့ ဘယ်တော့မှ မတင်ပါ။","","SAFE - interface text, never sent as a query"
"ui","save","Save","သိမ်းမည်","","SAFE - interface text, never sent as a query"
"ui","cancel","Cancel","မလုပ်တော့ပါ","","SAFE - interface text, never sent as a query"
"ui","saved","Saved","သိမ်းပြီးပါပြီ","","SAFE - interface text, never sent as a query"
"ui","fixit","Fix this","ပြင်ရန်","","SAFE - interface text, never sent as a query"
"ui","modeLocal","Private mode · nothing leaves this computer","ကိုယ်ရေးလုံခြုံမှုအပြည့် · ဘာမှ ပြင်ပသို့ မထွက်ပါ","","SAFE - interface text, never sent as a query"
"ui","modeCloud","(template)","(template)","","SKIP - code template, ask before translating"
"ui","del","Delete","ဖျက်ရန်","","SAFE - interface text, never sent as a query"
"ui","browse","Browse all topics","ခေါင်းစဉ်အားလုံး ကြည့်ရန်","","SAFE - interface text, never sent as a query"
"ui","guideTitle","What can I ask?","ဘာတွေ မေးလို့ရမလဲ။","","SAFE - interface text, never sent as a query"
"ui","guideLede","These are the topics the archive covers. Tap any question to ask it. Anything outside these topics will be answered honestly with ""that is not in the archive"" rather than a guess.","ဤသည်မှာ မှတ်တမ်းတိုက်တွင် ပါဝင်သော ခေါင်းစဉ်များ ဖြစ်သည်။ မေးခွန်းတစ်ခုကို နှိပ်၍ မေးနိုင်သည်။ ဤခေါင်းစဉ်များ မဟုတ်ပါက မှန်းဆဖြေဆိုခြင်းမပြုဘဲ „မှတ်တမ်းတွင် မပါဝင်ပါ“ ဟု ပွင့်လင်းစွာ ဖြေပါမည်။","","SAFE - interface text, never sent as a query"
"ui","close","Close","ပိတ်ရန်","","SAFE - interface text, never sent as a query"
"ui","guideBoth","Each question is shown in English and Burmese. Tap the line in the language you want the answer in — the assistant replies in whichever language you ask.","မေးခွန်းတိုင်းကို မြန်မာနှင့် အင်္ဂလိပ် နှစ်ဘာသာဖြင့် ပြထားသည်။ အဖြေလိုချင်သည့် ဘာသာစကားစာကြောင်းကို နှိပ်ပါ — မေးသည့်ဘာသာစကားဖြင့်ပင် ပြန်ဖြေပါမည်။","","SAFE - interface text, never sent as a query"
"ui","guideEnglishOnly","The offline model on this computer writes English only, so the questions are listed in English. You can still type your question in Burmese — the archive is searched in Burmese and the answer comes back in English. For answers in Burmese, choose an online provider in Settings.","ဤကွန်ပျူတာရှိ အဖြေပေးသည့် AI သည် အင်္ဂလိပ်ဘာသာဖြင့်သာ ရေးနိုင်သဖြင့် မေးခွန်းများကို အင်္ဂလိပ်ဘာသာဖြင့် ပြထားသည်။ မေးခွန်းကို မြန်မာဘာသာဖြင့် ရိုက်ထည့်နိုင်ပါသေးသည် — မှတ်တမ်းတိုက်ကို မြန်မာဘာသာဖြင့် ရှာဖွေပြီး အဖြေကို အင်္ဂလိပ်ဘာသာဖြင့် ပြန်ဖြေပါမည်။ မြန်မာဘာသာဖြင့် အဖြေလိုပါက ဆက်တင်တွင် အွန်လိုင်း AI ကို ရွေးပါ။","","SAFE - interface text, never sent as a query"
"ui","langDowngraded","You asked in Burmese. The offline model on this computer cannot write Burmese reliably, so this answer is in English — the sources below were still found from your Burmese question. For answers in Burmese, choose an online provider in Settings.","သင် မြန်မာဘာသာဖြင့် မေးထားသည်။ ဤကွန်ပျူတာရှိ အဖြေပေးသည့် AI သည် မြန်မာဘာသာကို ယုံကြည်စိတ်ချစွာ မရေးနိုင်သဖြင့် ဤအဖြေမှာ အင်္ဂလိပ်ဘာသာဖြင့် ဖြစ်သည် — အောက်ပါ ရင်းမြစ်များကိုမူ သင့်မြန်မာမေးခွန်းဖြင့်ပင် ရှာတွေ့ခြင်း ဖြစ်သည်။ မြန်မာဘာသာဖြင့် အဖြေလိုပါက ဆက်တင်တွင် အွန်လိုင်း AI ကို ရွေးပါ။","","SAFE - interface text, never sent as a query"
"guide_category","cat0","Registration & documents","မှတ်ပုံတင်ခြင်းနှင့် စာရွက်စာတမ်း","","SAFE - category heading, display only, never sent as a query"
"guide_question","cat0_q0","How do I register with UNHCR?","UNHCR မှာ ဘယ်လို မှတ်ပုံတင်ရမလဲ။","","BLOCKED - SHOWN AND ASKED: ui/index.html sends the tapped text as the real query (data-guide-ask). K'Cho retrieval scores 0.187 vs 0.949 for Burmese, so a K'Cho line here would retrieve at random. Do not enable until the display/query split exists - i18n/README.md"
"guide_question","cat0_q1","How do I start an application on the My Services portal?","My Services portal မှာ လျှောက်လွှာ ဘယ်လို စတင်ရမလဲ။","","BLOCKED - SHOWN AND ASKED: ui/index.html sends the tapped text as the real query (data-guide-ask). K'Cho retrieval scores 0.187 vs 0.949 for Burmese, so a K'Cho line here would retrieve at random. Do not enable until the display/query split exists - i18n/README.md"
"guide_question","cat0_q2","How do I update my address or phone number with UNHCR?","UNHCR တွင် လိပ်စာ သို့မဟုတ် ဖုန်းနံပါတ် ဘယ်လို ပြောင်းရမလဲ။","","BLOCKED - SHOWN AND ASKED: ui/index.html sends the tapped text as the real query (data-guide-ask). K'Cho retrieval scores 0.187 vs 0.949 for Burmese, so a K'Cho line here would retrieve at random. Do not enable until the display/query split exists - i18n/README.md"
"guide_question","cat0_q3","What do I do if I lost my UNHCR card?","UNHCR ကတ် ပျောက်သွားရင် ဘာလုပ်ရမလဲ။","","BLOCKED - SHOWN AND ASKED: ui/index.html sends the tapped text as the real query (data-guide-ask). K'Cho retrieval scores 0.187 vs 0.949 for Burmese, so a K'Cho line here would retrieve at random. Do not enable until the display/query split exists - i18n/README.md"
"guide_question","cat0_q4","How do I add a family member to my UNHCR file?","မိသားစုဝင်တစ်ဦးကို UNHCR ဖိုင်ထဲ ဘယ်လို ထည့်ရမလဲ။","","BLOCKED - SHOWN AND ASKED: ui/index.html sends the tapped text as the real query (data-guide-ask). K'Cho retrieval scores 0.187 vs 0.949 for Burmese, so a K'Cho line here would retrieve at random. Do not enable until the display/query split exists - i18n/README.md"
"guide_category","cat1","My Services portal","My Services portal","","SAFE - category heading, display only, never sent as a query"
"guide_question","cat1_q0","How do I create a My Services account?","My Services အကောင့် ဘယ်လို ဖွင့်ရမလဲ။","","BLOCKED - SHOWN AND ASKED: ui/index.html sends the tapped text as the real query (data-guide-ask). K'Cho retrieval scores 0.187 vs 0.949 for Burmese, so a K'Cho line here would retrieve at random. Do not enable until the display/query split exists - i18n/README.md"
"guide_question","cat1_q1","What do I need before I can create a My Services account?","My Services အကောင့် မဖွင့်ခင် ဘာတွေ လိုအပ်လဲ။","","BLOCKED - SHOWN AND ASKED: ui/index.html sends the tapped text as the real query (data-guide-ask). K'Cho retrieval scores 0.187 vs 0.949 for Burmese, so a K'Cho line here would retrieve at random. Do not enable until the display/query split exists - i18n/README.md"
"guide_question","cat1_q2","Why can I not create a My Services account right now?","အခု My Services အကောင့် အသစ် ဘာကြောင့် မဖွင့်နိုင်တာလဲ။","","BLOCKED - SHOWN AND ASKED: ui/index.html sends the tapped text as the real query (data-guide-ask). K'Cho retrieval scores 0.187 vs 0.949 for Burmese, so a K'Cho line here would retrieve at random. Do not enable until the display/query split exists - i18n/README.md"
"guide_question","cat1_q3","How do I log in to My Services?","My Services ကို ဘယ်လို ဝင်ရမလဲ။","","BLOCKED - SHOWN AND ASKED: ui/index.html sends the tapped text as the real query (data-guide-ask). K'Cho retrieval scores 0.187 vs 0.949 for Burmese, so a K'Cho line here would retrieve at random. Do not enable until the display/query split exists - i18n/README.md"
"guide_question","cat1_q4","How do I check or change my appointment on My Services?","My Services မှာ ချိန်းဆိုမှုကို ဘယ်လို ကြည့်ပြီး ပြောင်းရမလဲ။","","BLOCKED - SHOWN AND ASKED: ui/index.html sends the tapped text as the real query (data-guide-ask). K'Cho retrieval scores 0.187 vs 0.949 for Burmese, so a K'Cho line here would retrieve at random. Do not enable until the display/query split exists - i18n/README.md"
"guide_question","cat1_q5","How do I update my details on My Services?","My Services မှာ ကိုယ်ရေးအချက်အလက် ဘယ်လို ပြင်ရမလဲ။","","BLOCKED - SHOWN AND ASKED: ui/index.html sends the tapped text as the real query (data-guide-ask). K'Cho retrieval scores 0.187 vs 0.949 for Burmese, so a K'Cho line here would retrieve at random. Do not enable until the display/query split exists - i18n/README.md"
"guide_question","cat1_q6","Who can I ask for help using My Services?","My Services သုံးရာမှာ အကူအညီ ဘယ်သူ့ကို တောင်းရမလဲ။","","BLOCKED - SHOWN AND ASKED: ui/index.html sends the tapped text as the real query (data-guide-ask). K'Cho retrieval scores 0.187 vs 0.949 for Burmese, so a K'Cho line here would retrieve at random. Do not enable until the display/query split exists - i18n/README.md"
"guide_category","cat2","Refugee status & appeals","ဒုက္ခသည်အဆင့်နှင့် အယူခံဝင်ခြင်း","","SAFE - category heading, display only, never sent as a query"
"guide_question","cat2_q0","What happens at a Refugee Status Determination interview?","RSD အင်တာဗျူးမှာ ဘာတွေ ဖြစ်မလဲ။","","BLOCKED - SHOWN AND ASKED: ui/index.html sends the tapped text as the real query (data-guide-ask). K'Cho retrieval scores 0.187 vs 0.949 for Burmese, so a K'Cho line here would retrieve at random. Do not enable until the display/query split exists - i18n/README.md"
"guide_question","cat2_q1","What can I do if my refugee status application is rejected?","ဒုက္ခသည်အဖြစ် လျှောက်ထားမှု ငြင်းပယ်ခံရရင် ဘာလုပ်နိုင်မလဲ။","","BLOCKED - SHOWN AND ASKED: ui/index.html sends the tapped text as the real query (data-guide-ask). K'Cho retrieval scores 0.187 vs 0.949 for Burmese, so a K'Cho line here would retrieve at random. Do not enable until the display/query split exists - i18n/README.md"
"guide_category","cat3","Health care","ကျန်းမာရေး","","SAFE - category heading, display only, never sent as a query"
"guide_question","cat3_q0","What is REMEDI and how much does it cost?","REMEDI ဆိုတာ ဘာလဲ၊ ဘယ်လောက် ကုန်ကျမလဲ။","","BLOCKED - SHOWN AND ASKED: ui/index.html sends the tapped text as the real query (data-guide-ask). K'Cho retrieval scores 0.187 vs 0.949 for Burmese, so a K'Cho line here would retrieve at random. Do not enable until the display/query split exists - i18n/README.md"
"guide_question","cat3_q1","Are children covered by REMEDI?","ကလေးများ REMEDI အကျုံးဝင်ပါသလား။","","BLOCKED - SHOWN AND ASKED: ui/index.html sends the tapped text as the real query (data-guide-ask). K'Cho retrieval scores 0.187 vs 0.949 for Burmese, so a K'Cho line here would retrieve at random. Do not enable until the display/query split exists - i18n/README.md"
"guide_question","cat3_q2","How much does REMEDI cost for a child?","ကလေးတစ်ဦးအတွက် REMEDI ဘယ်လောက် ကုန်ကျမလဲ။","","BLOCKED - SHOWN AND ASKED: ui/index.html sends the tapped text as the real query (data-guide-ask). K'Cho retrieval scores 0.187 vs 0.949 for Burmese, so a K'Cho line here would retrieve at random. Do not enable until the display/query split exists - i18n/README.md"
"guide_question","cat3_q3","What does REMEDI cover in hospital?","REMEDI က ဆေးရုံမှာ ဘာတွေ အကျုံးဝင်မလဲ။","","BLOCKED - SHOWN AND ASKED: ui/index.html sends the tapped text as the real query (data-guide-ask). K'Cho retrieval scores 0.187 vs 0.949 for Burmese, so a K'Cho line here would retrieve at random. Do not enable until the display/query split exists - i18n/README.md"
"guide_question","cat3_q4","Can I claim REMEDI at a private hospital?","ပုဂ္ဂလိကဆေးရုံမှာ REMEDI နဲ့ တောင်းဆိုလို့ ရပါသလား။","","BLOCKED - SHOWN AND ASKED: ui/index.html sends the tapped text as the real query (data-guide-ask). K'Cho retrieval scores 0.187 vs 0.949 for Burmese, so a K'Cho line here would retrieve at random. Do not enable until the display/query split exists - i18n/README.md"
"guide_question","cat3_q5","How long after buying REMEDI can I claim?","REMEDI ဝယ်ပြီးနောက် ဘယ်လောက်ကြာမှ တောင်းဆိုလို့ ရမလဲ။","","BLOCKED - SHOWN AND ASKED: ui/index.html sends the tapped text as the real query (data-guide-ask). K'Cho retrieval scores 0.187 vs 0.949 for Burmese, so a K'Cho line here would retrieve at random. Do not enable until the display/query split exists - i18n/README.md"
"guide_question","cat3_q6","What is the maximum REMEDI pays for one hospital stay?","ဆေးရုံတစ်ကြိမ်တက်ရင် REMEDI အများဆုံး ဘယ်လောက် ပေးမလဲ။","","BLOCKED - SHOWN AND ASKED: ui/index.html sends the tapped text as the real query (data-guide-ask). K'Cho retrieval scores 0.187 vs 0.949 for Burmese, so a K'Cho line here would retrieve at random. Do not enable until the display/query split exists - i18n/README.md"
"guide_question","cat3_q7","What happens if my REMEDI expires?","REMEDI သက်တမ်းကုန်သွားရင် ဘာဖြစ်မလဲ။","","BLOCKED - SHOWN AND ASKED: ui/index.html sends the tapped text as the real query (data-guide-ask). K'Cho retrieval scores 0.187 vs 0.949 for Burmese, so a K'Cho line here would retrieve at random. Do not enable until the display/query split exists - i18n/README.md"
"guide_question","cat3_q8","Where can I buy or renew REMEDI?","REMEDI ကို ဘယ်မှာ ဝယ်ပြီး သက်တမ်းတိုးရမလဲ။","","BLOCKED - SHOWN AND ASKED: ui/index.html sends the tapped text as the real query (data-guide-ask). K'Cho retrieval scores 0.187 vs 0.949 for Burmese, so a K'Cho line here would retrieve at random. Do not enable until the display/query split exists - i18n/README.md"
"guide_question","cat3_q9","Where can I find a clinic that treats refugees?","ဒုက္ခသည်များကို ကုသပေးသော ဆေးခန်း ဘယ်မှာ ရှိမလဲ။","","BLOCKED - SHOWN AND ASKED: ui/index.html sends the tapped text as the real query (data-guide-ask). K'Cho retrieval scores 0.187 vs 0.949 for Burmese, so a K'Cho line here would retrieve at random. Do not enable until the display/query split exists - i18n/README.md"
"guide_question","cat3_q10","Which clinics can refugees go to in Kuala Lumpur?","ကွာလာလမ်ပူမှာ ဒုက္ခသည်များ သွားနိုင်တဲ့ ဆေးခန်းတွေက ဘာလဲ။","","BLOCKED - SHOWN AND ASKED: ui/index.html sends the tapped text as the real query (data-guide-ask). K'Cho retrieval scores 0.187 vs 0.949 for Burmese, so a K'Cho line here would retrieve at random. Do not enable until the display/query split exists - i18n/README.md"
"guide_question","cat3_q11","Is there a clinic for refugees in Penang?","ပီနန်မှာ ဒုက္ခသည်များအတွက် ဆေးခန်း ရှိပါသလား။","","BLOCKED - SHOWN AND ASKED: ui/index.html sends the tapped text as the real query (data-guide-ask). K'Cho retrieval scores 0.187 vs 0.949 for Burmese, so a K'Cho line here would retrieve at random. Do not enable until the display/query split exists - i18n/README.md"
"guide_question","cat3_q12","Where can a pregnant woman get care?","ကိုယ်ဝန်ဆောင်အမျိုးသမီး ဘယ်မှာ စောင့်ရှောက်မှု ရနိုင်မလဲ။","","BLOCKED - SHOWN AND ASKED: ui/index.html sends the tapped text as the real query (data-guide-ask). K'Cho retrieval scores 0.187 vs 0.949 for Burmese, so a K'Cho line here would retrieve at random. Do not enable until the display/query split exists - i18n/README.md"
"guide_question","cat3_q13","Where can I get help for stress, depression or mental health?","စိတ်ဖိစီးမှု၊ စိတ်ဓာတ်ကျမှုအတွက် အကူအညီ ဘယ်မှာ ရနိုင်မလဲ။","","BLOCKED - SHOWN AND ASKED: ui/index.html sends the tapped text as the real query (data-guide-ask). K'Cho retrieval scores 0.187 vs 0.949 for Burmese, so a K'Cho line here would retrieve at random. Do not enable until the display/query split exists - i18n/README.md"
"guide_category","cat4","Arrest, detention & legal","ဖမ်းဆီးခြင်း၊ ထိန်းသိမ်းခြင်းနှင့် ဥပဒေ","","SAFE - category heading, display only, never sent as a query"
"guide_question","cat4_q0","What should I do if I am arrested by police?","ရဲက ဖမ်းဆီးခံရရင် ဘာလုပ်ရမလဲ။","","BLOCKED - SHOWN AND ASKED: ui/index.html sends the tapped text as the real query (data-guide-ask). K'Cho retrieval scores 0.187 vs 0.949 for Burmese, so a K'Cho line here would retrieve at random. Do not enable until the display/query split exists - i18n/README.md"
"guide_question","cat4_q1","What is the UNHCR hotline for arrest and detention?","ဖမ်းဆီးထိန်းသိမ်းမှုအတွက် UNHCR ဖုန်းလိုင်းက ဘာလဲ။","","BLOCKED - SHOWN AND ASKED: ui/index.html sends the tapped text as the real query (data-guide-ask). K'Cho retrieval scores 0.187 vs 0.949 for Burmese, so a K'Cho line here would retrieve at random. Do not enable until the display/query split exists - i18n/README.md"
"guide_question","cat4_q2","Does a UNHCR card protect me from arrest?","UNHCR ကတ်က ဖမ်းဆီးခံရခြင်းမှ ကာကွယ်ပေးပါသလား။","","BLOCKED - SHOWN AND ASKED: ui/index.html sends the tapped text as the real query (data-guide-ask). K'Cho retrieval scores 0.187 vs 0.949 for Burmese, so a K'Cho line here would retrieve at random. Do not enable until the display/query split exists - i18n/README.md"
"guide_question","cat4_q3","What legal protection does UNHCR give refugees in Malaysia?","မလေးရှားရှိ ဒုက္ခသည်များအတွက် UNHCR က မည်သည့် ဥပဒေရေးရာ အကာအကွယ် ပေးသလဲ။","","BLOCKED - SHOWN AND ASKED: ui/index.html sends the tapped text as the real query (data-guide-ask). K'Cho retrieval scores 0.187 vs 0.949 for Burmese, so a K'Cho line here would retrieve at random. Do not enable until the display/query split exists - i18n/README.md"
"guide_category","cat5","Scams & fraud","လိမ်လည်မှုနှင့် အဂတိလိုက်စားမှု","","SAFE - category heading, display only, never sent as a query"
"guide_question","cat5_q0","How can I tell if someone is a scammer pretending to be UNHCR?","UNHCR ဟု ဟန်ဆောင်သော လိမ်လည်သူကို ဘယ်လို သိနိုင်မလဲ။","","BLOCKED - SHOWN AND ASKED: ui/index.html sends the tapped text as the real query (data-guide-ask). K'Cho retrieval scores 0.187 vs 0.949 for Burmese, so a K'Cho line here would retrieve at random. Do not enable until the display/query split exists - i18n/README.md"
"guide_question","cat5_q1","Does UNHCR ever charge money for registration or resettlement?","UNHCR က မှတ်ပုံတင်ခြင်း သို့မဟုတ် ပြန်လည်နေရာချထားရေးအတွက် ငွေကောက်ခံပါသလား။","","BLOCKED - SHOWN AND ASKED: ui/index.html sends the tapped text as the real query (data-guide-ask). K'Cho retrieval scores 0.187 vs 0.949 for Burmese, so a K'Cho line here would retrieve at random. Do not enable until the display/query split exists - i18n/README.md"
"guide_question","cat5_q2","How do I report someone asking me for money for UNHCR services?","UNHCR ဝန်ဆောင်မှုအတွက် ငွေတောင်းသူကို ဘယ်လို တိုင်ကြားရမလဲ။","","BLOCKED - SHOWN AND ASKED: ui/index.html sends the tapped text as the real query (data-guide-ask). K'Cho retrieval scores 0.187 vs 0.949 for Burmese, so a K'Cho line here would retrieve at random. Do not enable until the display/query split exists - i18n/README.md"
"guide_question","cat5_q3","What is UNHCR Verify Plus?","UNHCR Verify Plus ဆိုတာ ဘာလဲ။","","BLOCKED - SHOWN AND ASKED: ui/index.html sends the tapped text as the real query (data-guide-ask). K'Cho retrieval scores 0.187 vs 0.949 for Burmese, so a K'Cho line here would retrieve at random. Do not enable until the display/query split exists - i18n/README.md"
"guide_category","cat6","Children & education","ကလေးများနှင့် ပညာရေး","","SAFE - category heading, display only, never sent as a query"
"guide_question","cat6_q0","How can my child go to school in Malaysia?","ကျွန်ုပ်၏ကလေး မလေးရှားမှာ ကျောင်း ဘယ်လို တက်နိုင်မလဲ။","","BLOCKED - SHOWN AND ASKED: ui/index.html sends the tapped text as the real query (data-guide-ask). K'Cho retrieval scores 0.187 vs 0.949 for Burmese, so a K'Cho line here would retrieve at random. Do not enable until the display/query split exists - i18n/README.md"
"guide_question","cat6_q1","How do I register a newborn baby with UNHCR?","မွေးကင်းစကလေးကို UNHCR မှာ ဘယ်လို မှတ်ပုံတင်ရမလဲ။","","BLOCKED - SHOWN AND ASKED: ui/index.html sends the tapped text as the real query (data-guide-ask). K'Cho retrieval scores 0.187 vs 0.949 for Burmese, so a K'Cho line here would retrieve at random. Do not enable until the display/query split exists - i18n/README.md"
"guide_question","cat6_q2","What help is there for a child who is alone or separated?","တစ်ဦးတည်း ကျန်ရစ်သော ကလေးအတွက် ဘာအကူအညီ ရှိမလဲ။","","BLOCKED - SHOWN AND ASKED: ui/index.html sends the tapped text as the real query (data-guide-ask). K'Cho retrieval scores 0.187 vs 0.949 for Burmese, so a K'Cho line here would retrieve at random. Do not enable until the display/query split exists - i18n/README.md"
"guide_category","cat7","Safety & gender-based violence","ဘေးကင်းရေးနှင့် ကျား၊မ အခြေပြု အကြမ်းဖက်မှု","","SAFE - category heading, display only, never sent as a query"
"guide_question","cat7_q0","What support is available for survivors of gender-based violence?","ကျား၊မ အခြေပြု အကြမ်းဖက်မှု ခံရသူများအတွက် ဘာအကူအညီ ရှိမလဲ။","","BLOCKED - SHOWN AND ASKED: ui/index.html sends the tapped text as the real query (data-guide-ask). K'Cho retrieval scores 0.187 vs 0.949 for Burmese, so a K'Cho line here would retrieve at random. Do not enable until the display/query split exists - i18n/README.md"
"guide_question","cat7_q1","What should I do if I have experienced sexual or gender-based violence?","လိင်ပိုင်းဆိုင်ရာ သို့မဟုတ် ကျား၊မအခြေပြု အကြမ်းဖက်မှု ခံခဲ့ရရင် ဘာလုပ်ရမလဲ။","","BLOCKED - SHOWN AND ASKED: ui/index.html sends the tapped text as the real query (data-guide-ask). K'Cho retrieval scores 0.187 vs 0.949 for Burmese, so a K'Cho line here would retrieve at random. Do not enable until the display/query split exists - i18n/README.md"
"guide_question","cat7_q2","Where do I report domestic violence or abuse?","အိမ်တွင်း အကြမ်းဖက်မှုကို ဘယ်မှာ တိုင်ကြားရမလဲ။","","BLOCKED - SHOWN AND ASKED: ui/index.html sends the tapped text as the real query (data-guide-ask). K'Cho retrieval scores 0.187 vs 0.949 for Burmese, so a K'Cho line here would retrieve at random. Do not enable until the display/query split exists - i18n/README.md"
"guide_category","cat8","Resettlement & returning home","ပြန်လည်နေရာချထားရေးနှင့် နေရပ်ပြန်ခြင်း","","SAFE - category heading, display only, never sent as a query"
"guide_question","cat8_q0","How does resettlement to another country work?","အခြားနိုင်ငံသို့ ပြန်လည်နေရာချထားရေး ဘယ်လို လုပ်ဆောင်သလဲ။","","BLOCKED - SHOWN AND ASKED: ui/index.html sends the tapped text as the real query (data-guide-ask). K'Cho retrieval scores 0.187 vs 0.949 for Burmese, so a K'Cho line here would retrieve at random. Do not enable until the display/query split exists - i18n/README.md"
"guide_question","cat8_q1","Can I choose which country I am resettled to?","ဘယ်နိုင်ငံကို သွားမလဲဆိုတာ ကျွန်ုပ် ရွေးချယ်နိုင်ပါသလား။","","BLOCKED - SHOWN AND ASKED: ui/index.html sends the tapped text as the real query (data-guide-ask). K'Cho retrieval scores 0.187 vs 0.949 for Burmese, so a K'Cho line here would retrieve at random. Do not enable until the display/query split exists - i18n/README.md"
"guide_question","cat8_q2","What if I want to return to my home country voluntarily?","မိမိဆန္ဒအလျောက် နေရပ်ပြန်လိုပါက ဘယ်လိုလုပ်ရမလဲ။","","BLOCKED - SHOWN AND ASKED: ui/index.html sends the tapped text as the real query (data-guide-ask). K'Cho retrieval scores 0.187 vs 0.949 for Burmese, so a K'Cho line here would retrieve at random. Do not enable until the display/query split exists - i18n/README.md"
"guide_category","cat9","Work & daily life","အလုပ်နှင့် နေ့စဉ်ဘဝ","","SAFE - category heading, display only, never sent as a query"
"guide_question","cat9_q0","Can refugees work legally in Malaysia?","ဒုက္ခသည်များ မလေးရှားမှာ တရားဝင် အလုပ်လုပ်နိုင်ပါသလား။","","BLOCKED - SHOWN AND ASKED: ui/index.html sends the tapped text as the real query (data-guide-ask). K'Cho retrieval scores 0.187 vs 0.949 for Burmese, so a K'Cho line here would retrieve at random. Do not enable until the display/query split exists - i18n/README.md"
"guide_question","cat9_q1","How do I use the Touch n Go eWallet card?","Touch n Go eWallet ကတ်ကို ဘယ်လို သုံးရမလဲ။","","BLOCKED - SHOWN AND ASKED: ui/index.html sends the tapped text as the real query (data-guide-ask). K'Cho retrieval scores 0.187 vs 0.949 for Burmese, so a K'Cho line here would retrieve at random. Do not enable until the display/query split exists - i18n/README.md"
"guide_category","cat10","Contacting UNHCR","UNHCR ကို ဆက်သွယ်ရန်","","SAFE - category heading, display only, never sent as a query"
"guide_question","cat10_q0","How do I contact UNHCR Malaysia?","UNHCR မလေးရှားကို ဘယ်လို ဆက်သွယ်ရမလဲ။","","BLOCKED - SHOWN AND ASKED: ui/index.html sends the tapped text as the real query (data-guide-ask). K'Cho retrieval scores 0.187 vs 0.949 for Burmese, so a K'Cho line here would retrieve at random. Do not enable until the display/query split exists - i18n/README.md"
"guide_question","cat10_q1","What are the official UNHCR hotline numbers?","တရားဝင် UNHCR ဖုန်းလိုင်းနံပါတ်များက ဘာလဲ။","","BLOCKED - SHOWN AND ASKED: ui/index.html sends the tapped text as the real query (data-guide-ask). K'Cho retrieval scores 0.187 vs 0.949 for Burmese, so a K'Cho line here would retrieve at random. Do not enable until the display/query split exists - i18n/README.md"
"hero_card_label","card0","Register with UNHCR","UNHCR မှတ်ပုံတင်ခြင်း","","SAFE - interface text, never sent as a query"
"hero_card_question","card0_q","How do I register with UNHCR?","UNHCR တွင် ဘယ်လို မှတ်ပုံတင်ရမလဲ။","","BLOCKED - SHOWN AND ASKED, same as guide questions (data-ask). See i18n/README.md"
"hero_card_label","card1","Health care & REMEDI","ကျန်းမာရေးနှင့် REMEDI","","SAFE - interface text, never sent as a query"
"hero_card_question","card1_q","What does REMEDI cover and how much does it cost?","REMEDI က ဘာတွေ အကျုံးဝင်ပြီး ဘယ်လောက် ကုန်ကျမလဲ။","","BLOCKED - SHOWN AND ASKED, same as guide questions (data-ask). See i18n/README.md"
"hero_card_label","card2","If someone is detained","ဖမ်းဆီးခံရလျှင်","","SAFE - interface text, never sent as a query"
"hero_card_question","card2_q","What should I do if someone is arrested or detained?","တစ်ယောက်ယောက် ဖမ်းဆီးခံရရင် ဘာလုပ်ရမလဲ။","","BLOCKED - SHOWN AND ASKED, same as guide questions (data-ask). See i18n/README.md"
"hero_card_label","card3","Spot a scam","လိမ်လည်မှု သတိပြုရန်","","SAFE - interface text, never sent as a query"
"hero_card_question","card3_q","How can I tell if someone is a scammer pretending to be UNHCR?","UNHCR ဟု ဟန်ဆောင်သော လိမ်လည်သူကို ဘယ်လို သိနိုင်မလဲ။","","BLOCKED - SHOWN AND ASKED, same as guide questions (data-ask). See i18n/README.md"
